provincia,canton,provincia_key,canton_key,lat,lon,fuente
AZUAY,CUENCA,AZUAY,CUENCA,-2.8973745,-79.0044518,gist
AZUAY,GIRÓN,AZUAY,GIRON,-3.1728573,-79.1241595798571,gist
BOLÍVAR,CHIMBO,BOLIVAR,CHIMBO,-1.6771505,-79.130623867671,gist
BOLÍVAR,GUARANDA,BOLIVAR,GUARANDA,-1.5922898,-79.0015614,gist
BOLÍVAR,SAN MIGUEL,BOLIVAR,SAN MIGUEL,-1.81214325,-79.1277096099702,gist
CARCHI,ESPEJO,CARCHI,ESPEJO,0.713927,-77.96622643662,gist
CARCHI,TULCÁN,CARCHI,TULCAN,0.8119288,-77.7171076,gist
CAÑAR,AZOGUES,CANAR,AZOGUES,-2.63172915,-78.7008934064092,gist
CAÑAR,CAÑAR,CANAR,CANAR,-2.574484,-78.9804678,gist
CAÑAR,LA TRONCAL,CANAR,LA TRONCAL,-2.433689,-79.3751632252655,gist
CHIMBORAZO,ALAUSÍ,CHIMBORAZO,ALAUSI,-2.3250494,-78.7035660061718,gist
CHIMBORAZO,COLTA,CHIMBORAZO,COLTA,-1.79709295,-78.8494368104333,gist
CHIMBORAZO,CUMANDÁ,CHIMBORAZO,CUMANDA,-1.4595105,-78.1366323,gist
CHIMBORAZO,RIOBAMBA,CHIMBORAZO,RIOBAMBA,-1.6731483,-78.6486465,gist
COTOPAXI,LA MANÁ,COTOPAXI,LA MANA,-0.78419085,-79.1010573360607,gist
COTOPAXI,LATACUNGA,COTOPAXI,LATACUNGA,-0.9336215,-78.6150488,gist
COTOPAXI,PUJILÍ,COTOPAXI,PUJILI,-1.00770465,-78.8559204588373,gist
EL ORO,ARENILLAS,EL ORO,ARENILLAS,-3.57396445,-80.0986007104956,gist
EL ORO,EL GUABO,EL ORO,EL GUABO,-3.2413487,-79.8296713,gist
EL ORO,HUAQUILLAS,EL ORO,HUAQUILLAS,-3.45925155,-80.1820737271825,gist
EL ORO,MACHALA,EL ORO,MACHALA,-3.2587494,-79.9595133,gist
EL ORO,PASAJE,EL ORO,PASAJE,-0.253255,-79.167726,gist
EL ORO,PIÑAS,EL ORO,PINAS,-3.71088185,-79.7837851533668,gist
ESMERALDAS,ESMERALDAS,ESMERALDAS,ESMERALDAS,0.7343619,-79.3858867,gist
ESMERALDAS,QUININDE,ESMERALDAS,QUININDE,0.328723,-79.4726416,gist
ESMERALDAS,SAN LORENZO,ESMERALDAS,SAN LORENZO,0.98506345,-78.6869332946931,gist
GALÁPAGOS,SAN CRISTOBAL,GALAPAGOS,SAN CRISTOBAL,-0.9151226,-89.5662955,gist
GALÁPAGOS,SANTA CRUZ,GALAPAGOS,SANTA CRUZ,-0.62881505,-90.3638752022324,gist
GUAYAS,DAULE,GUAYAS,DAULE,-1.92000685,-79.9129306979237,gist
GUAYAS,DURÁN,GUAYAS,DURAN,-2.215207,-79.7903725123108,gist
GUAYAS,EL TRIUNFO,GUAYAS,EL TRIUNFO,-2.2907784,-79.3660575197123,gist
GUAYAS,GUAYAQUIL,GUAYAS,GUAYAQUIL,-2.1899066,-79.887726,gist
GUAYAS,MILAGRO,GUAYAS,MILAGRO,-2.11717955,-79.5566606071334,gist
GUAYAS,NARANJAL,GUAYAS,NARANJAL,-2.5731305,-79.5325633959898,gist
GUAYAS,NOBOL,GUAYAS,NOBOL,-1.98178425,-80.0670669917175,gist
GUAYAS,PLAYAS,GUAYAS,PLAYAS,-2.6356397,-80.3913928,gist
GUAYAS,SAMBORONDÓN,GUAYAS,SAMBORONDON,-2.0153601,-79.7340649369068,gist
IMBABURA,ANTONIO ANTE,IMBABURA,ANTONIO ANTE,0.3316022,-78.219615,gist
IMBABURA,COTACACHI,IMBABURA,COTACACHI,0.3955234,-78.4507013183269,gist
IMBABURA,IBARRA,IMBABURA,IBARRA,0.3478421,-78.1173588,gist
IMBABURA,OTAVALO,IMBABURA,OTAVALO,0.22276365,-78.2454274435196,gist
IMBABURA,SAN MIGUEL DE URCUQUI,IMBABURA,SAN MIGUEL DE URCUQUI,0.5777228,-78.3349090109371,gist
LOJA,CALVAS,LOJA,CALVAS,-4.4799894,-79.51516,gist
LOJA,CATAMAYO,LOJA,CATAMAYO,-3.9911481,-79.4038821570871,gist
LOJA,LOJA,LOJA,LOJA,-4.0528506,-79.8053425,gist
LOJA,PALTAS,LOJA,PALTAS,-4.0026163,-79.7006645141133,gist
LOJA,ZAPOTILLO,LOJA,ZAPOTILLO,-4.2334403,-80.2893109657604,gist
LOS RÍOS,BABAHOYO,LOS RIOS,BABAHOYO,-1.8009022,-79.5338214,gist
LOS RÍOS,MONTALVO,LOS RIOS,MONTALVO,-1.8016163,-79.3463655790142,gist
LOS RÍOS,PUEBLOVIEJO,LOS RIOS,PUEBLOVIEJO,-1.551415,-79.5329942,gist
LOS RÍOS,QUEVEDO,LOS RIOS,QUEVEDO,-1.0243508,-79.4663323,gist
MANABÍ,BOLÍVAR,MANABI,BOLIVAR,-0.9292034,-80.0194710496605,gist
MANABÍ,CHONE,MANABI,CHONE,-0.38663675,-80.0522680333819,gist
MANABÍ,EL CARMEN,MANABI,EL CARMEN,-2.1806779,-79.8789297,gist
MANABÍ,FLAVIO ALFARO,MANABI,FLAVIO ALFARO,-0.32428605,-79.8445363628985,gist
MANABÍ,JARAMIJÓ,MANABI,JARAMIJO,-0.9739097,-80.6020847675854,gist
MANABÍ,JIPIJAPA,MANABI,JIPIJAPA,-1.5158193,-80.6124982491711,gist
MANABÍ,MANTA,MANABI,MANTA,-1.0321775,-80.8222166660983,gist
MANABÍ,PEDERNALES,MANABI,PEDERNALES,0.0689604,-79.8522466475605,gist
MANABÍ,PICHINCHA,MANABI,PICHINCHA,-0.0584893,-78.3284371,gist
MANABÍ,PORTOVIEJO,MANABI,PORTOVIEJO,-1.0528066,-80.4534269,gist
MANABÍ,PUERTO LÓPEZ,MANABI,PUERTO LOPEZ,-1.5440814,-80.7445239577186,gist
MANABÍ,SANTA ANA,MANABI,SANTA ANA,-1.1950113,-80.2648184045925,gist
MANABÍ,SUCRE,MANABI,SUCRE,-0.7264261,-80.4161951263733,gist
MANABÍ,TOSAGUA,MANABI,TOSAGUA,-0.77290475,-80.2556583356452,gist
MORONA SANTIAGO,GENERAL PLAZA,MORONA SANTIAGO,GENERAL PLAZA,-2.73333,-78.3167038,manual_verificado
MORONA SANTIAGO,LIMÓN INDANZA,MORONA SANTIAGO,LIMON INDANZA,-2.9663139,-78.4308133,gist
MORONA SANTIAGO,MORONA,MORONA SANTIAGO,MORONA,-2.4303097,-77.880192010847,gist
MORONA SANTIAGO,SUCÚA,MORONA SANTIAGO,SUCUA,-2.4560169,-78.1726625,gist
NAPO,TENA,NAPO,TENA,-0.94387175,-78.1083981523959,gist
ORELLANA,LA JOYA DE LOS SACHAS,ORELLANA,LA JOYA DE LOS SACHAS,-0.2611097,-76.9080096240926,gist
ORELLANA,ORELLANA,ORELLANA,ORELLANA,-0.78618,-76.4803184,gist
PASTAZA,MERA,PASTAZA,MERA,-1.44628965,-78.1161912057428,gist
PASTAZA,PASTAZA,PASTAZA,PASTAZA,-1.916667,-77.0,gist
PASTAZA,PUYO,PASTAZA,PUYO,-1.49156,-78.00337,manual_verificado
PICHINCHA,CAYAMBE,PICHINCHA,CAYAMBE,-0.0038813,-78.0481800834448,gist
PICHINCHA,MEJÍA,PICHINCHA,MEJIA,-0.4984774,-78.6516914663548,gist
PICHINCHA,PEDRO MONCAYO,PICHINCHA,PEDRO MONCAYO,-0.2149977,-78.4968845,gist
PICHINCHA,PUERTO QUITO,PICHINCHA,PUERTO QUITO,0.1608869,-79.226730350178,gist
PICHINCHA,QUITO,PICHINCHA,QUITO,-0.215492,-78.5013647530921,gist
PICHINCHA,RUMIÑAHUI,PICHINCHA,RUMINAHUI,-0.39888,-78.4368106598363,gist
PICHINCHA,SANGOLQUI,PICHINCHA,SANGOLQUI,-0.39888,-78.4368106598363,gist
SANTA ELENA,LA LIBERTAD,SANTA ELENA,LA LIBERTAD,-0.2209692,-78.5253239,gist
SANTA ELENA,SALINAS,SANTA ELENA,SALINAS,-2.2073132,-80.9684566,gist
SANTA ELENA,SANTA ELENA,SANTA ELENA,SANTA ELENA,-2.1954593,-80.5669167,gist
SANTO DOMINGO DE LOS TSÁCHILAS,LA CONCORDIA,SANTO DOMINGO DE LOS TSACHILAS,LA CONCORDIA,1.0216116,-79.0231981,gist
SANTO DOMINGO DE LOS TSÁCHILAS,SANTO DOMINGO,SANTO DOMINGO DE LOS TSACHILAS,SANTO DOMINGO,-0.25105,-79.063278,gist
SUCUMBÍOS,LAGO AGRIO,SUCUMBIOS,LAGO AGRIO,0.12658025,-76.7576221148817,gist
SUCUMBÍOS,SHUSHUFINDI,SUCUMBIOS,SHUSHUFINDI,-0.2886094,-76.5906631604309,gist
TUNGURAHUA,AMBATO,TUNGURAHUA,AMBATO,-1.2422461,-78.6292567,gist
TUNGURAHUA,BAÑOS DE AGUA SANTA,TUNGURAHUA,BANOS DE AGUA SANTA,-1.33191575,-78.2625285385066,gist
TUNGURAHUA,PATATE,TUNGURAHUA,PATATE,-1.28316955,-78.4297644244115,gist
TUNGURAHUA,SAN PEDRO DE PELILEO,TUNGURAHUA,SAN PEDRO DE PELILEO,-1.3293759,-78.545843,gist
TUNGURAHUA,SANTIAGO DE PILLARO,TUNGURAHUA,SANTIAGO DE PILLARO,-1.1725302,-78.5423177,gist
ZAMORA CHINCHIPE,EL PANGUI,ZAMORA CHINCHIPE,EL PANGUI,-3.625,-78.5869441,gist
ZAMORA CHINCHIPE,YANTZAZA,ZAMORA CHINCHIPE,YANTZAZA,-3.71468115,-78.7376344463973,gist
ZAMORA CHINCHIPE,YANZATZA,ZAMORA CHINCHIPE,YANZATZA,-3.71468115,-78.7376344463973,gist
ZAMORA CHINCHIPE,ZAMORA,ZAMORA CHINCHIPE,ZAMORA,-4.0042008,-78.9577754191094,gist
