nombre|lat|lon
San Lorenzo|0.98506345|-78.6869332946931
Eloy Alfaro|0.874044|-78.9950332281882
Rioverde|1.0247745|-79.4326189854836
Esmeraldas|0.7343619|-79.3858867
Muisne|0.53872465|-79.8819717523788
Atacames|0.79710855|-79.8790840742983
Quinindé|0.328723|-79.4726416
Tulcán|0.8119288|-77.7171076
Mira|0.71702875|-78.1917880300142
Espejo|0.713927|-77.96622643662
Montúfar|0.56843345|-77.8087822387136
San Pedro de Huaca|0.62336305|-77.7206361688019
Bolívar (Carchi)|0.472635|-77.9358505135391
Ibarra|0.3478421|-78.1173588
San Miguel de Urcuquí|0.5777228|-78.3349090109371
Cotacachi|0.3955234|-78.4507013183269
Antonio Ante|0.3316022|-78.219615
Otavalo|0.22276365|-78.2454274435196
Pimampiro|0.3924612|-77.9402957
Sucumbíos|-0.039138|-76.5119678
Gonzalo Pizarro|0.1116857|-77.6398817070101
Cascales|-2.2345295|-79.9101118
Lago Agrio|0.12658025|-76.7576221148817
Putumayo|0.13399195|-76.1307912006416
Cuyabeno|-0.2655114|-75.8920692
Shushufindi|-0.2886094|-76.5906631604309
Pedernales|0.0689604|-79.8522466475605
Chone|-0.38663675|-80.0522680333819
Flavio Alfaro|-0.32428605|-79.8445363628985
El Carmen|-2.1806779|-79.8789297
Jama|-0.2149489|-80.2295833686682
San Vicente|-0.4373946|-80.376140850306
Sucre|-0.7264261|-80.4161951263733
Tosagua|-0.77290475|-80.2556583356452
Rocafuerte|-0.8990136|-80.4036370947811
Junín|-0.9261304|-80.2055648
Bolívar (Manabí)|-0.9292034|-80.0194710496605
Pichincha|-0.0584893|-78.3284371
Portoviejo|-1.0528066|-80.4534269
Jaramijó|-0.9739097|-80.6020847675854
Manta|-1.0321775|-80.8222166660983
Montecristi|-1.0503675|-80.6608104
Santa Ana|-1.1950113|-80.2648184045925
Jipijapa|-1.5158193|-80.6124982491711
Veinticuatro de Mayo|-1.3842713|-80.3391512292811
Olmedo (Manabí)|-1.3950973|-80.2116429
Puerto López|-1.5440814|-80.7445239577186
Paján|-1.70407915|-80.4212974804798
La Concordia|1.0216116|-79.0231981
Santo Domingo|-0.25105|-79.063278
Puerto Quito|0.1608869|-79.226730350178
Pedro Vicente Maldonado|0.0864955|-79.052577
San Miguel de Los Bancos|-0.01877705|-78.921723470876
Quito|-0.215492|-78.5013647530921
Pedro Moncayo|-0.2149977|-78.4968845
Cayambe|-0.0038813|-78.0481800834448
Rumiñahui|-0.39888|-78.4368106598363
Mejía|-0.4984774|-78.6516914663548
El Chaco|-0.3386642|-77.809851
Quijos|-0.2222967|-78.5234313
Archidona|-0.71607125|-77.9550419698538
Tena|-0.94387175|-78.1083981523959
Carlos Julio Arosemena Tola|-1.1673159|-77.9396895
Loreto|-0.6471884|-77.3252737672724
Orellana|-0.78618|-76.4803184
La Joya de los Sachas|-0.2611097|-76.9080096240926
Aguarico|-0.9846232|-75.989153346087
Mera|-1.44628965|-78.1161912057428
Santa Clara|-1.265062|-77.8874893
Arajuno|-1.3537363|-76.8441100604156
Pastaza|-1.916667|-77
Buena Fe|-0.74829255|-79.5297122396171
Valencia|-0.7696521|-79.3211355034001
Quevedo|-1.0243508|-79.4663323
Quinsaloma|-1.2065709|-79.3143312
Palenque|-1.4374614|-79.7554206
Mocache|-1.19756625|-79.5496158959561
Ventanas|-1.3335519|-79.3369008695944
Vinces|-1.5584095|-79.7509236
Baba|-1.67300075|-79.659842362994
Puebloviejo|-1.551415|-79.5329942
Urdaneta|-1.56802025|-79.3769671833962
Babahoyo|-1.8009022|-79.5338214
Montalvo|-1.8016163|-79.3463655790142
Sigchos|-0.61302145|-78.8818616273973
La Maná|-0.78419085|-79.1010573360607
Latacunga|-0.9336215|-78.6150488
Saquisilí|-0.8359835|-78.7312623545021
Pujilí|-1.00770465|-78.8559204588373
Pangua|-1.10073805|-79.1641109407438
Salcedo|-1.0570033|-78.5411138897882
Guaranda|-1.5922898|-79.0015614
Las Naves|-2.2131748|-79.9408317
Echeandía|-1.44758925|-79.2738200852144
Caluma|-1.6328007|-79.2601724
Chimbo|-1.6771505|-79.130623867671
San Miguel|-1.81214325|-79.1277096099702
Chillanes|-1.9432708|-79.0660695
Ambato|-1.2422461|-78.6292567
Píllaro|-1.1725302|-78.5423177
Patate|-1.28316955|-78.4297644244115
Baños|-1.33191575|-78.2625285385066
Pelileo|-1.3293759|-78.545843
Cevallos|-1.34957625|-78.6155503772334
Tisaleo|-1.3489002|-78.6693045
Mocha|-1.4191002|-78.6615418
Quero|-1.4300614|-78.6083724473263
Guano|-1.539923|-78.657838509137
Penipe|-1.5659281|-78.5315515
Riobamba|-1.6731483|-78.6486465
Colta|-1.79709295|-78.8494368104333
Chambo|-1.7320661|-78.5951097
Pallatanga|-2.0167297|-78.9302292966983
Guamote|-2.04933205|-78.6426692558071
Alausí|-2.3250494|-78.7035660061718
Cumandá|-1.4595105|-78.1366323
Chunchi|-2.3285653|-78.8932832085705
Palora|-1.6981449|-77.9675269
Pablo Sexto|-1.84087685|-78.2913468548678
Huamboya|-1.9464404|-77.9904213
Morona|-2.4303097|-77.880192010847
Taisha|-2.3812385|-77.5087463
Sucúa|-2.4560169|-78.1726625
Santiago|-3.7939049|-79.2817721
Logroño|-2.6259898|-78.19963
Tiwintza|0.9157101|-79.6900499
Limón Indanza|-2.9663139|-78.4308133
San Juan Bosco|-3.1183356|-78.5300164
Gualaquiza|-3.32765065|-78.7064901988385
El Empalme|-0.9910107|-79.6642365343776
Balzar|-1.3063032|-79.9349766799729
Colimes|-1.5456483|-80.010547
Palestina|-1.629117|-79.9807392
Santa Lucía|-1.7162715|-79.9849423
Pedro Carbo|-1.86726715|-80.3009813925023
Isidro Ayora|-1.8796754|-80.1463096
Lomas de Sargentillo|-1.8808196|-80.0814602
Nobol|-1.98178425|-80.0670669917175
Daule|-1.92000685|-79.9129306979237
Salitre|-1.8293674|-79.8174167
Samborondón|-2.0153601|-79.7340649369068
Yaguachi|-0.2173326|-78.4960519
Alfredo Baquerizo Moreno|-1.9494337|-79.5495282851817
Milagro|-2.11717955|-79.5566606071334
Simón Bolívar|-2.0424101|-79.4218633880435
Naranjito|-2.1685398|-79.4630975
General Antonio Elizalde|-2.1429197|-79.2261264625635
Coronel Marcelino Maridueña|-2.23336285|-79.3861649354298
El Triunfo|-2.2907784|-79.3660575197123
Durán|-2.215207|-79.7903725123108
Guayaquil|-2.1899066|-79.887726
Playas|-2.6356397|-80.3913928
Naranjal|-2.5731305|-79.5325633959898
Balao|-2.88525165|-79.7180498428229
Santa Elena|-2.1954593|-80.5669167
La Libertad|-0.2209692|-78.5253239
Salinas|-2.2073132|-80.9684566
La Troncal|-2.433689|-79.3751632252655
Cañar|-2.574484|-78.9804678
Suscal|-2.4378607|-79.0511208
El Tambo|-2.48280785|-78.9124904150334
Azogues|-2.63172915|-78.7008934064092
Biblián|-2.7101694|-78.8908362
Déleg|-2.7652918|-78.9300169745813
Sevilla de Oro|-2.7051608|-78.6014387016541
Paute|-2.7461213|-78.7364807424428
Guachapala|-2.76681085|-78.7113488321396
El Pan|-2.83830715|-78.6539290478538
Gualaceo|-2.9179486|-78.8461880140753
Chordeleg|-2.98446755|-78.7307217577724
Sígsig|-3.13308835|-78.8733115387591
Cuenca|-2.8973745|-79.0044518
Santa Isabel|-3.1839392|-79.3594117719649
Pucará|-3.1748913|-79.514712723913
Camilo Ponce Enríquez|-2.96406955|-79.5630363473857
San Fernando|-3.1398718|-79.2794840907109
Girón|-3.1728573|-79.1241595798571
Nabón|-3.33282635|-79.0996575205106
Oña|-3.49630835|-79.1092822740485
El Guabo|-3.2413487|-79.8296713
Machala|-3.2587494|-79.9595133
Pasaje|-0.253255|-79.167726
Chilla|-3.4584322|-79.5809951
Zaruma|-3.50855405|-79.5108420957504
Santa Rosa|-3.41455385|-80.1549039658861
Atahualpa|-3.5572055|-79.7098882225052
Arenillas|-3.57396445|-80.0986007104956
Huaquillas|-3.45925155|-80.1820737271825
Las Lajas|-3.7848952|-80.0636021
Marcabelí|-3.7844549|-79.9113661
Balsas|-3.7742179|-79.8310960432725
Piñas|-3.71088185|-79.7837851533668
Portovelo|-3.7154781|-79.6167189
Saraguro|-3.6224722|-79.2384881
Loja|-4.0528506|-79.8053425
Chaguarpamba|-3.876542|-79.6446609
Olmedo (Loja)|-3.9345786|-79.6468514
Catamayo|-3.9911481|-79.4038821570871
Paltas|-4.0026163|-79.7006645141133
Puyango|-3.96534605|-80.073541407174
Pindal|-4.1150962|-80.1079721
Celica|-4.16481365|-79.9851761755119
Zapotillo|-4.2334403|-80.2893109657604
Macará|-4.3490568|-79.9161416249543
Sozoranga|-4.3268672|-79.7902815
Calvas|-4.4799894|-79.51516
Gonzanamá|-4.2302729|-79.4365638
Quilanga|-4.297155|-79.401265
Espíndola|-4.3268185|-79.5525718
Yacuambi|-2.1349894|-79.8960421
Yantzaza|-3.71468115|-78.7376344463973
El Pangui|-3.625|-78.5869441
Zamora|-4.0042008|-78.9577754191094
Centinela del Cóndor|-0.74796|-79.19933
Paquisha|-3.9336811|-78.6757723
Nangaritza|-4.0604355|-78.963136
Palanda|-4.6498277|-79.1318589
Chinchipe|-4.8536233|-79.1377245683016
Isabela|-2.8959964|-79.0193947
San Cristóbal|-0.9151226|-89.5662955
Santa Cruz|-0.62881505|-90.3638752022324
